{
  "brand": {
    "medical": {
      "name": "Medical",
      "desc": "Nirwana Medical - HTML5 Bootstrap Template",
      "prefix": "nirwana",
      "footerText": "Nirwana Theme 2022",
      "logoText": "Nirwana Theme",
      "projectName": "Medical",
      "url": "nirwana.indisains.com/medical",
      "img": "/images/logo-medical.png",
      "notifMsg": "Donec sit amet nulla sed arcu pulvinar ultricies commodo id ligula"
    }
  },
  "link": {
    "medical": {
      "home": "index.html",
      "about": "about.html",
      "team": "about-team.html",
      "blog": "blog.html",
      "blogDetail": "detail-blog.html",
      "login": "login.html",
      "register": "register.html",
      "contact": "contact.html",
      "contactMap": "contact-map.html",
      "card": "collection.html",
      "product": "products.html",
      "productDetail": "product-detail.html",
      "pricing": "pricing.html",
      "faq": "faq.html",
      "maintenance": "maintenance.html",
      "comingSoon": "coming-soon.html",
      "error": "404.html"
    }
  },
  "imgAPI": {
    "avatar": [
      "https://api.dicebear.com/9.x/avataaars/svg?seed=Sheba&backgroundColor=65c9ff,c0aede&mouth=smile",
      "https://api.dicebear.com/9.x/avataaars/svg?seed=Molly&backgroundColor=65c9ff,c0aede&mouth=smile&skinColor=ffdbb4,f8d25c",
      "https://api.dicebear.com/9.x/avataaars/svg?seed=Pumpkin&backgroundColor=65c9ff,c0aede&mouth=smile&skinColor=ffdbb4,f8d25c",
      "https://api.dicebear.com/9.x/avataaars/svg?seed=Dusty&backgroundColor=65c9ff,c0aede&mouth=smile&skinColor=ffdbb4,f8d25c,d08b5b,ae5d29,edb98a",
      "https://api.dicebear.com/9.x/avataaars/svg?seed=Sadie&backgroundColor=65c9ff,c0aede&mouth=smile&skinColor=ffdbb4,f8d25c,d08b5b,ae5d29,edb98a",
      "https://api.dicebear.com/9.x/avataaars/svg?seed=Tigger&backgroundColor=65c9ff,c0aede&mouth=smile&skinColor=ffdbb4,f8d25c,d08b5b,ae5d29,edb98a",
      "https://api.dicebear.com/9.x/avataaars/svg?seed=Annie&backgroundColor=65c9ff,c0aede&mouth=smile",
      "https://api.dicebear.com/9.x/avataaars/svg?seed=Kiki&backgroundColor=65c9ff,c0aede&mouth=smile",
      "https://api.dicebear.com/9.x/avataaars/svg?seed=Snickers&backgroundColor=65c9ff,c0aede&mouth=smile",
      "https://api.dicebear.com/9.x/avataaars/svg?seed=Mimi&backgroundColor=65c9ff,c0aede&mouth=smile",
      "https://api.dicebear.com/9.x/avataaars/svg?seed=Cleo&backgroundColor=65c9ff,c0aede&mouth=smile"
    ],
    "photo": [
      "https://placehold.co/1050x700/2196F3/FFFFFF/",
      "https://placehold.co/1050x700/3F51B5/FFFFFF/",
      "https://placehold.co/1050x700/00BCD4/FFFFFF/",
      "https://placehold.co/1050x700/009688/FFFFFF/",
      "https://placehold.co/1050x700/01579B/FFFFFF/",
      "https://placehold.co/1050x700/0097A7/FFFFFF/",
      "https://placehold.co/1050x700/43A047/FFFFFF/",
      "https://placehold.co/1050x700/558B2F/FFFFFF/",
      "https://placehold.co/1050x700/1DE9B6/767676/",
      "https://placehold.co/1050x700/00E5FF/767676/",
      "https://placehold.co/1050x700/C6FF00/767676/",
      "https://placehold.co/1050x700/D4E157/767676/",
      "https://placehold.co/1050x700/F8BBD0/767676/",
      "https://placehold.co/1050x700/FFCA28/767676/",
      "https://placehold.co/1050x700/CFD8DC/767676/",
      "https://placehold.co/1050x700/673AB7/FFFFFF/",
      "https://placehold.co/1050x700/EF5350/FFFFFF/",
      "https://placehold.co/1050x700/1E88E5/FFFFFF/",
      "https://placehold.co/1050x700/3D5AFE/FFFFFF/",
      "https://placehold.co/1050x700/EF6C00/FFFFFF/",
      "https://placehold.co/1050x700/795548/FFFFFF/",
      "https://placehold.co/1050x700/FFE57F/767676/",
      "https://placehold.co/1050x700/DCEDC8/767676/",
      "https://placehold.co/1050x700/E1BEE7/767676/",
      "https://placehold.co/1050x700/BBDEFB/767676/",
      "https://placehold.co/1050x700/388E3C/FFFFFF/",
      "https://placehold.co/1050x700/651FFF/FFFFFF/",
      "https://placehold.co/1050x700/757575/FFFFFF/",
      "https://placehold.co/1050x700/E91E63/FFFFFF/",
      "https://placehold.co/1050x700/607D8B/FFFFFF/",
      "https://placehold.co/1050x700/AA00FF/FFFFFF/",
      "https://placehold.co/1050x700/827717/FFFFFF/",
      "https://placehold.co/1050x700/E64A19/FFFFFF/",
      "https://placehold.co/1050x700/C2185B/FFFFFF/",
      "https://placehold.co/1050x700/AA00FF/FFFFFF/",
      "https://placehold.co/1050x700/1976D2/FFFFFF/",
      "https://placehold.co/1050x700/D1C4E9/767676/",
      "https://placehold.co/1050x700/81D4FA/767676/",
      "https://placehold.co/1050x700/E0F2F1/767676/",
      "https://placehold.co/1050x700/E6EE9C/767676/",
      "https://placehold.co/1050x700/FFEB3B/767676/",
      "https://placehold.co/1050x700/E040FB/FFFFFF/",
      "https://placehold.co/1050x700/C62828/FFFFFF/",
      "https://placehold.co/1050x700/AD1457/FFFFFF/",
      "https://placehold.co/1050x700/673AB7/FFFFFF/",
      "https://placehold.co/1050x700/651FFF/FFFFFF/",
      "https://placehold.co/1050x700/00BFA5/FFFFFF/",
      "https://placehold.co/1050x700/A5D6A7/767676/",
      "https://placehold.co/1050x700/AED581/767676/",
      "https://placehold.co/1050x700/FFB74D/767676/",
      "https://placehold.co/1050x700/00BFA5/767676/",
      "https://placehold.co/100x100/C6FF00/FFFFFF/",
      "https://placehold.co/100x100/F44336/FFFFFF/",
      "https://placehold.co/100x100/673AB7/FFFFFF/",
      "https://placehold.co/100x100/03A9F4/FFFFFF/",
      "https://placehold.co/100x100/4CAF50/FFFFFF/",
      "https://placehold.co/100x100/FF5722/FFFFFF/",
      "https://placehold.co/100x100/607D8B/FFFFFF/",
      "https://placehold.co/100x100/795548/FFFFFF/",
      "https://placehold.co/100x100/8BC34A/FFFFFF/",
      "https://placehold.co/100x100/00BCD4/FFFFFF/"
    ],
    "ui": [
      "/images/medical/menu_pos@2x.jpg",
      "/images/medical/menu_education@2x.jpg",
      "/images/medical/menu_saas2@2x.jpg",
      "/images/medical/menu_marketing@2x.jpg",
      "/images/medical/team_2d@2x.png",
      "/images/medical/team_3d@2x.png",
      "/images/medical/menu_agency@2x.jpg",
      "/images/medical/menu_cloud@2x.jpg",
      "/images/medical/menu_crypto@2x.jpg",
      "/images/medical/menu_education@2x.jpg",
      "/images/medical/menu_finance@2x.jpg",
      "/images/medical/menu_marketing@2x.jpg",
      "/images/medical/menu_medical@2x.jpg",
      "/images/medical/menu_pos@2x.jpg",
      "/images/medical/menu_saas@2x.jpg",
      "/images/medical/menu_saas2@2x.jpg",
      "/images/medical/menu_social@2x.jpg",
      "/images/medical/menu_other@2x.jpg"
    ],
    "medical3d": [
      "",
      "/images/medical/about_3d@2x.png",
      "",
      "/images/medical/background_3d@2x.png",
      "",
      "/images/medical/banner1_3d@2x.png",
      "",
      "/images/medical/banner2_3d@2x.png",
      "",
      "/images/medical/banner3_3d@2x.png",
      "",
      "/images/medical/error_3d@2x.png",
      "",
      "/images/medical/facility_3d@2x.png",
      "",
      "/images/medical/faq_3d@2x.png",
      "",
      "/images/medical/footer_3d@2x.png",
      "",
      "/images/medical/login_3d@2x.png",
      "",
      "/images/medical/register_3d@2x.png",
      "",
      "/images/medical/speciality_3d@2x.png",
      "",
      "/images/medical/testimonial_3d@2x.png",
      "https://placehold.co/490x327/ffc999/FFFFFF",
      "https://placehold.co/490x327/ffc999/FFFFFF",
      "https://placehold.co/490x327/ffc999/FFFFFF",
      "https://placehold.co/490x327/ffc999/FFFFFF",
      "https://placehold.co/490x327/ffc999/FFFFFF",
      "https://avatars.dicebear.com/api/avataaars/unyit.svg",
      "https://avatars.dicebear.com/api/avataaars/unyit.svg",
      "https://avatars.dicebear.com/api/avataaars/unyit.svg",
      "https://avatars.dicebear.com/api/avataaars/unyit.svg",
      "https://avatars.dicebear.com/api/avataaars/unyit.svg",
      "https://avatars.dicebear.com/api/avataaars/unyit.svg",
      "https://placehold.co/165x150/ffc999/767676",
      "https://placehold.co/165x150/00BFA5/767676",
      "https://placehold.co/165x150/ffc999/767676",
      "https://placehold.co/165x150/00BFA5/767676",
      "https://placehold.co/165x150/ffc999/767676",
      "https://placehold.co/165x150/00BFA5/767676"
    ],
    "medicalInner3d": [
      "",
      "/images/medical/about_3d@2x.png",
      "",
      "/images/medical/login_3d@2x.png",
      "",
      "/images/medical/register_3d@2x.png",
      "",
      "/images/medical/faq_3d@2x.png",
      "",
      "/images/medical/error_3d@2x.png",
      "",
      "/images/medical/team_3d@2x.png"
    ],
    "medical2d": [
      "",
      "/images/medical/about_2d@2x.png",
      "",
      "/images/medical/background_2d@2x.png",
      "",
      "/images/medical/banner1_2d@2x.png",
      "",
      "/images/medical/banner2_2d@2x.png",
      "",
      "/images/medical/banner3_2d@2x.png",
      "",
      "/images/medical/error_2d@2x.png",
      "",
      "/images/medical/facility_2d@2x.png",
      "",
      "/images/medical/faq_2d@2x.png",
      "",
      "/images/medical/footer_2d@2x.png",
      "",
      "/images/medical/login_2d@2x.png",
      "",
      "/images/medical/regsiter_2d@2x.png",
      "",
      "/images/medical/speciality_2d@2x.png",
      "",
      "/images/medical/testimonial_2d@2x.png",
      "https://placehold.co/490x327/ffc999/FFFFFF",
      "https://placehold.co/490x327/ffc999/FFFFFF",
      "https://placehold.co/490x327/ffc999/FFFFFF",
      "https://placehold.co/490x327/ffc999/FFFFFF",
      "https://placehold.co/490x327/ffc999/FFFFFF",
      "/images/avatars/pp_girl4.svg",
      "/images/avatars/pp_girl5.svg",
      "/images/avatars/pp_girl.svg",
      "/images/avatars/pp_boy3.svg",
      "/images/avatars/pp_boy4.svg",
      "/images/avatars/pp_boy5.svg",
      "https://placehold.co/165x150/ffc999/767676",
      "https://placehold.co/165x150/00BFA5/767676",
      "https://placehold.co/165x150/ffc999/767676",
      "https://placehold.co/165x150/00BFA5/767676",
      "https://placehold.co/165x150/ffc999/767676",
      "https://placehold.co/165x150/00BFA5/767676"
    ],
    "medicalInner2d": [
      "",
      "/images/medical/about_3d@2x.png",
      "",
      "/images/medical/login_3d@2x.png",
      "",
      "/images/medical/register_3d@2x.png",
      "",
      "/images/medical/faq_3d@2x.png",
      "",
      "/images/medical/error_3d@2x.png",
      "",
      "/images/medical/team_3d@2x.png"
    ],
    "showcase": [
      "",
      "https://placehold.co/476x638/2196F3/FFFFFF",
      "https://placehold.co/476x638/4CAF50/FFFFFF",
      "https://placehold.co/476x638/FFA000/FFFFFF",
      "https://placehold.co/476x638/546E7A/FFFFFF",
      "https://placehold.co/476x638/03A9F4/FFFFFF",
      "https://placehold.co/476x638/673AB7/FFFFFF",
      "https://placehold.co/476x638/EC407A/FFFFFF",
      "https://placehold.co/476x638/9C27B0/FFFFFF",
      "https://placehold.co/476x638/27b05c/FFFFFF",
      "https://placehold.co/476x638/f54242/FFFFFF",
      "https://placehold.co/476x638/30c1e3/FFFFFF",
      "https://placehold.co/476x638/eae219/FFFFFF",
      "https://placehold.co/476x638/4426eb/FFFFFF",
      "https://placehold.co/476x638/fd1818/FFFFFF",
      "https://placehold.co/476x638/61b027/FFFFFF",
      "https://placehold.co/476x638/e823f0/FFFFFF",
      "https://placehold.co/476x638/6a3c06/FFFFFF"
    ]
  },
  "menu": {
    "medical": [
      {
        "name": "facility",
        "offset": 0
      },
      {
        "name": "ask-doctors",
        "offset": 0
      },
      {
        "name": "testimonials",
        "offset": 0
      },
      {
        "name": "clinics",
        "offset": 0
      }
    ]
  },
  "youtube": {
    "use": true
  }
}